method,model,Accuracy,AUC,AUPRC,Brier,Sensitivity,Specificity,Precision,NPV,F1
mean_mode,lr,0.7095435684647303,0.7554086526275234,0.6358105147206176,0.19219367604143414,0.5825771324863884,0.7877094972067039,0.6281800391389433,0.7540106951871658,0.6045197740112994
mean_mode,rf,0.6991701244813278,0.7507974328037392,0.6363286973577139,0.19281711391876527,0.5480943738656987,0.7921787709497207,0.6188524590163934,0.7400835073068893,0.5813282001924928
mean_mode,extra_trees,0.6970954356846473,0.7438461304484483,0.6300814985747538,0.19413822771710262,0.5353901996370236,0.7966480446927374,0.6184486373165619,0.7358101135190919,0.5739299610894941
mean_mode,gb,0.710926694329184,0.7491650528749151,0.6264758110726952,0.19247844213885756,0.5136116152450091,0.8324022346368715,0.6535796766743649,0.7354392892398816,0.5752032520325203
mean_mode,adaboost,0.7053941908713693,0.7514696488862302,0.6315741742455002,0.19243990952584178,0.5825771324863884,0.7810055865921788,0.620889748549323,0.7524219590958019,0.601123595505618
mean_mode,lgb,0.6998616874135546,0.7352705593689483,0.6155901604913916,0.19781404943942396,0.4537205081669691,0.8513966480446927,0.6527415143603134,0.7168391345249294,0.5353319057815846
mean_mode,xgb,0.7033195020746889,0.7463149783532226,0.626905424085638,0.19488385531285637,0.4827586206896552,0.8391061452513966,0.6487804878048781,0.724903474903475,0.5535900104058272
