{
  "lr": 0.40540540540540543,
  "rf": 0.381294964028777,
  "extra_trees": 0.3817204301075269,
  "gb": 0.4146341463414634,
  "adaboost": 0.39344262295081966,
  "lgb": 0.39344262295081966,
  "xgb": 0.43421053886413574,
  "catboost": 0.45
}