method,model,k,scenario,AUROC,AUPRC,Accuracy,Precision,Recall,F1_Score,Brier_Score,Specificity,NPV,AUROC_lo,AUROC_hi,AUPRC_lo,AUPRC_hi
mean_mode,adaboost,20,internal_train,0.7643702843087725,0.655771796156013,0.7099451608122128,0.6715083798882682,0.4675223648385842,0.5512497133684935,0.19735289941667025,0.8591954022988506,0.7238248940891668,0.7536407241176227,0.7755472564147955,0.6327100440471884,0.6769381425111611
mean_mode,adaboost,20,internal_val,0.7387502661489014,0.6246765519018782,0.7053941908713693,0.6574307304785895,0.47368421052631576,0.5506329113924051,0.2026762788708138,0.8480446927374302,0.7235462345090562,0.7104350876716556,0.7638772941309486,0.5867727068028349,0.6634501362555909
mean_mode,adaboost,20,internal_test,0.75166330389642,0.6540274581249792,0.7081604426002767,0.6496519721577726,0.5081669691470054,0.570264765784114,0.2000898242223404,0.8312849162011173,0.7330049261083744,0.7240543372917221,0.7733433828488724,0.6169503056276338,0.6921917209474038
mean_mode,adaboost,20,external_main,0.655012931616838,0.4659100167252739,0.7071182756746967,0.4824935952177626,0.35850253807106597,0.4113578449217328,0.20417823183062686,0.8463878326996198,0.7675862068965518,0.6382465208970703,0.6703670086063986,0.44327156655295835,0.48904823074587195
mean_mode,adaboost,20,external_transfer,0.655012931616838,0.4659100167252739,0.7071182756746967,0.4824935952177626,0.35850253807106597,0.4113578449217328,0.20417823183062686,0.8463878326996198,0.7675862068965518,0.6392735666784446,0.6705854201016365,0.44622558178405636,0.49114730579516624
