method,model,k,scenario,AUROC,AUPRC,Accuracy,Precision,Recall,F1_Score,Brier_Score,Specificity,NPV,AUROC_lo,AUROC_hi,AUPRC_lo,AUPRC_hi
mean_mode,lr,20,internal_train,0.7681316138896712,0.6636723606397636,0.697495183044316,0.5882157123834887,0.6872812135355892,0.6339013452914798,0.19596310748826418,0.7037835249042146,0.7851990382046486,0.7586487862620171,0.7789336673792087,0.646274521775932,0.6817156836163447
mean_mode,lr,20,internal_val,0.742168124993663,0.6441532552817232,0.6867219917012448,0.5777777777777777,0.6606170598911071,0.6164267569856055,0.20568745324702184,0.7027932960893855,0.7708333333333334,0.719347949250098,0.7653927755107215,0.6050535112384904,0.6857149740138291
mean_mode,lr,20,internal_test,0.7574810654067262,0.6599447243877465,0.6791147994467497,0.5627705627705628,0.7078039927404719,0.6270096463022508,0.20430575404786233,0.6614525139664804,0.7861885790172642,0.7318027412577934,0.7809533554653124,0.6209903036955818,0.6958001748804756
mean_mode,lr,20,external_main,0.651080610295111,0.4591863436889717,0.6737909798949465,0.4301675977653631,0.4397208121827411,0.43489174772513334,0.21043767071584624,0.7673003802281368,0.7741687979539642,0.6358814313344908,0.6650453452225386,0.4384055010099884,0.48478115738138294
mean_mode,lr,20,external_transfer,0.651080610295111,0.4591863436889717,0.6737909798949465,0.4301675977653631,0.4397208121827411,0.43489174772513334,0.21043767071584624,0.7673003802281368,0.7741687979539642,0.6320996648242061,0.667067052371456,0.43395243546548257,0.4849323441197498
