method,model,k,scenario,AUROC,AUPRC,Accuracy,Precision,Recall,F1_Score,Brier_Score,Specificity,NPV,AUROC_lo,AUROC_hi,AUPRC_lo,AUPRC_hi
mean_mode,catboost,25,internal_train,0.9581512441303011,0.9374469399600337,0.8846894916259078,0.8157802042972878,0.9008168028004667,0.856192236598891,0.101145002793234,0.8747605363984674,0.9347492323439099,0.9538048431620352,0.9618980507887998,0.9313333856613912,0.9449545957564999
mean_mode,catboost,25,internal_val,0.7329081710247494,0.6261129329242097,0.6825726141078838,0.5769230769230769,0.6261343012704175,0.6005221932114883,0.20741994442024553,0.71731843575419,0.7570754716981132,0.7045790249917597,0.7626613091976457,0.5869693200218624,0.6677990515440905
mean_mode,catboost,25,internal_test,0.7395978870311977,0.6421060691783894,0.6715076071922544,0.559375,0.6497277676950998,0.6011754827875735,0.20718624492322688,0.6849162011173184,0.760545905707196,0.7141892269676842,0.7650875619059049,0.5987948363783252,0.6937731918569975
mean_mode,catboost,25,external_main,0.627778689210142,0.4296307506403675,0.6716174606049629,0.4179930795847751,0.383248730964467,0.39986759351208206,0.21831275732923255,0.7868187579214195,0.76153091265947,0.6112603111026462,0.6435479170224667,0.40298901530922426,0.45066643494059977
mean_mode,catboost,25,external_transfer,0.627778689210142,0.4296307506403675,0.6716174606049629,0.4179930795847751,0.383248730964467,0.39986759351208206,0.21831275732923255,0.7868187579214195,0.76153091265947,0.6126673681234068,0.6421380544118488,0.40297107948421396,0.45164430523945553
