bin,n,mean_pred,obs_rate,exp,obs
0,291,0.11700930447539239,0.11683848797250859,34.04970760233918,34
1,204,0.2500793019778119,0.27941176470588236,51.016177603473636,57
2,234,0.3319803244386196,0.25213675213675213,77.68339591863698,59
3,139,0.37001939823532815,0.35251798561151076,51.432696354710615,49
4,171,0.4836846708092057,0.4678362573099415,82.71007870837417,80
5,250,0.6302863818424566,0.588,157.57159546061413,147
6,48,0.688809264842477,0.7916666666666666,33.062844712438896,38
7,109,0.7680270021255219,0.7981651376146789,83.71494323168189,87
