bin,n,mean_pred,obs_rate,exp,obs
0,1439,0.11495996760702791,0.11118832522585129,165.42739338651316,160
1,1049,0.24998145696637572,0.2011439466158246,262.23054835772814,211
2,351,0.3253075521553681,0.2621082621082621,114.18295080653421,92
3,771,0.3353287646016899,0.36186770428015563,258.53847750790294,279
4,481,0.3671429293677373,0.38253638253638256,176.59574902588164,184
5,951,0.46987848597314286,0.5057833859095688,446.85444016045886,481
6,1067,0.6278420215366509,0.6119962511715089,669.9074369796065,653
7,638,0.7507446493541378,0.8009404388714734,478.9750862879399,511
