bin,n,mean_pred,obs_rate,exp,obs
0,910,0.07169657879959188,0.027472527472527472,65.2438867076286,25
1,1152,0.19392683277051695,0.12586805555555555,223.40371135163554,145
2,1936,0.3227916703469264,0.30113636363636365,624.9246737916495,583
3,105,0.4051261738083626,0.42857142857142855,42.53824824987807,45
4,696,0.4457726858747551,0.5114942528735632,310.25778936882955,356
5,1198,0.598552166791056,0.6452420701168614,717.0654958156852,773
6,103,0.7174612155084683,0.8446601941747572,73.89850519737223,87
7,647,0.7705601058921446,0.8608964451313755,498.5523885122176,557
