bin,n,mean_pred,obs_rate,exp,obs
0,175,0.07228265390058851,0.12,12.64946443260299,21
1,214,0.1937372612064621,0.14018691588785046,41.45977389818289,30
2,100,0.30291069463753156,0.3,30.291069463753157,30
3,333,0.32914139927557207,0.3183183183183183,109.6040859587655,106
4,140,0.4341303517300356,0.42857142857142855,60.778249242204986,60
5,57,0.517070133959156,0.45614035087719296,29.47299763567189,26
6,261,0.6052482716059154,0.5670498084291188,157.96979888914393,148
7,149,0.735873120926016,0.7651006711409396,109.64509501797637,114
8,17,0.975634666549238,0.9411764705882353,16.585789331337047,16
