bin,n,mean_pred,obs_rate,exp,obs
0,341,0.13090157530288435,0.1466275659824047,44.63743717828356,50
1,182,0.28057720703437683,0.23076923076923078,51.06505168025658,42
2,279,0.3339191747526869,0.32974910394265233,93.16344975599965,92
3,128,0.4174639701928483,0.375,53.435388184684584,48
4,191,0.5210196680111121,0.45549738219895286,99.5147565901224,87
5,42,0.6111111111111112,0.7142857142857143,25.666666666666668,30
6,200,0.653900299930739,0.66,130.7800599861478,132
7,83,0.7854953323661239,0.8433734939759037,65.19611258638828,70
