bin,n,mean_pred,obs_rate,exp,obs
0,1779,0.12525492316447576,0.04834176503653738,222.82850830960237,86
1,889,0.28066753552810136,0.1844769403824522,249.51343908448212,164
2,1318,0.33409514246849664,0.3133535660091047,440.3373977734786,413
3,496,0.41795114003231737,0.41935483870967744,207.30376545602942,208
4,765,0.5200754000842125,0.5843137254901961,397.8576810644226,447
5,241,0.6109161656789839,0.6431535269709544,147.2307959286351,155
6,782,0.65673905221432,0.8145780051150895,513.5699388315983,637
7,477,0.8020025921907054,0.9664570230607966,382.5552364749665,461
