bin,n,mean_pred,obs_rate,exp,obs
0,750,0.08405755532901141,0.050666666666666665,63.04316649675856,38
1,1042,0.16930982646956166,0.14683301343570057,176.42083918128324,153
2,293,0.2253210288052005,0.2150170648464164,66.01906143992375,63
3,1577,0.31341421841136385,0.29359543436905516,494.2542224347208,463
4,816,0.41403133129374914,0.4325980392156863,337.8495663356993,353
5,456,0.45596774163504994,0.4956140350877193,207.92129018558276,226
6,1086,0.6026579721618984,0.6279926335174953,654.4865577678216,682
7,100,0.7009980008743575,0.78,70.09980008743575,78
8,627,0.7747273502698722,0.8213716108452951,485.7540486192098,515
