bin,n,mean_pred,obs_rate,exp,obs
0,152,0.08923379465732188,0.1118421052631579,13.563536787912925,17
1,201,0.1695923787332863,0.14925373134328357,34.08806812539055,30
2,135,0.2712348958616065,0.25925925925925924,36.616710941316875,35
3,260,0.31616580625020035,0.3076923076923077,82.2031096250521,80
4,161,0.4157689485984705,0.37267080745341613,66.93880072435375,60
5,104,0.457347972972973,0.4423076923076923,47.56418918918919,46
6,260,0.6026671267227612,0.573076923076923,156.69345294791793,149
7,160,0.748455882644432,0.7625,119.75294122310912,122
8,13,0.9559290690096679,0.9230769230769231,12.427077897125683,12
