bin,n,mean_pred,obs_rate,exp,obs
0,952,0.07551160793926652,0.0,71.88705075818173,0
1,403,0.14285714285714285,0.007444168734491315,57.57142857142857,3
2,671,0.23440978722050937,0.03129657228017884,157.2889672249618,21
3,673,0.294919339699661,0.09063893016344725,198.48071561787185,61
4,1288,0.345632342372855,0.27406832298136646,445.17445697623725,353
5,263,0.37306599118368894,0.49429657794676807,98.1163556813102,130
6,497,0.46214154212962566,0.5653923541247485,229.68434643842394,281
7,1569,0.5967810267587232,0.8247291268323773,936.3494309844367,1294
8,431,0.838382984753313,0.9930394431554525,361.3430664286779,428
