bin,n,mean_pred,obs_rate,exp,obs
0,161,0.07615294905517433,0.09937888198757763,12.260624797883068,16
1,204,0.20241776197658548,0.18627450980392157,41.29322344322344,38
2,71,0.26553434007259474,0.23943661971830985,18.852938145154226,17
3,386,0.3379932954114238,0.3316062176165803,130.4654120288096,128
4,70,0.373134328358209,0.42857142857142855,26.11940298507463,30
5,171,0.4677859401789275,0.42105263157894735,79.9913957705966,72
6,294,0.61444838610083,0.5986394557823129,180.64782551364402,176
7,89,0.8245662427851441,0.8314606741573034,73.38639560787783,74
