bin,n,mean_pred,obs_rate,exp,obs
0,316,0.13336102840911193,0.12658227848101267,42.14208497727937,40
1,211,0.25405701491427224,0.21800947867298578,53.60603014691144,46
2,126,0.3333333333333333,0.30158730158730157,42.0,38
3,107,0.33636363636363636,0.3644859813084112,35.99090909090909,39
4,175,0.42030287709616726,0.38285714285714284,73.55300349182927,67
5,123,0.519932005348338,0.5121951219512195,63.95163665784558,63
6,217,0.6249579373210264,0.5714285714285714,135.61587239866273,124
7,104,0.6742695289206917,0.75,70.12403100775194,78
8,67,0.8666159595193448,0.835820895522388,58.0632692877961,56
