bin,n,mean_pred,obs_rate,exp,obs
0,1516,0.12807269795537313,0.11015831134564644,194.15821010034566,167
1,572,0.21051084892670804,0.2202797202797203,120.41220558607701,126
2,1175,0.31217304982369426,0.26893617021276595,366.80333354284073,316
3,518,0.33635660311738674,0.4092664092664093,174.23272041480632,212
4,433,0.40498798022222093,0.45265588914549654,175.35979543622167,196
5,624,0.4625581808922695,0.4423076923076923,288.6363048767762,276
6,1247,0.5978598943440723,0.6038492381716118,745.5312882470581,753
7,662,0.75621197346398,0.7930513595166163,500.6123264331547,525
