bin,n,mean_pred,obs_rate,exp,obs
0,1211,0.09790789252254746,0.06936416184971098,118.56645784480497,84
1,218,0.20930232107639313,0.14220183486238533,45.6279059946537,31
2,595,0.21173052354520108,0.18487394957983194,125.97966150939465,110
3,710,0.2866481974511079,0.23943661971830985,203.52022019028664,170
4,875,0.3333050831045423,0.29942857142857143,291.64194771647453,262
5,1213,0.42623921381179103,0.45507007419620776,517.0281663537025,552
6,1057,0.58499620376946,0.6281929990539262,618.3409873843193,664
7,674,0.705289595293362,0.7759643916913946,475.365187227726,523
8,194,0.8488439637975594,0.9020618556701031,164.67572897672653,175
